,Video name,Label
0,1_1_1_11_30_1_m,11111
1,1_1_1_11_30_2_m,11111
2,1_1_1_11_30_4_m,11111
3,1_1_1_11_30_5_m,11111
4,1_1_1_12_30_1_m,11112
5,1_1_1_12_30_2_m,11112
6,1_1_1_12_30_3_m,11112
7,1_1_1_12_30_4_m,11112
8,1_1_1_13_25_1_m,11113
9,1_1_1_13_25_2_m,11113
10,1_1_1_13_25_3_m,11113
11,1_1_1_13_25_5_m,11113
12,1_1_1_14_30_1_m,11114
13,1_1_1_14_30_3_m,11114
14,1_1_1_14_30_4_m,11114
15,1_1_1_14_30_5_m,11114
16,1_1_1_16_25_1_m,11116
17,1_1_1_16_25_2_m,11116
18,1_1_1_16_25_4_m,11116
19,1_1_1_16_25_5_m,11116
20,1_1_1_4_30_1_m,1114
21,1_1_1_4_30_2_m,1114
22,1_1_1_4_30_3_m,1114
23,1_1_1_4_30_4_m,1114
24,1_1_1_7_30_1_m,1117
25,1_1_1_7_30_2_m,1117
26,1_1_1_7_30_3_m,1117
27,1_1_1_7_30_4_m,1117
28,1_1_1_9_24_1_m,1119
29,1_1_1_9_24_2_m,1119
30,1_1_1_9_24_3_m,1119
31,1_1_1_9_24_4_m,1119
32,1_1_2_12_25_2_m,11212
33,1_1_2_12_25_3_m,11212
34,1_1_2_12_25_4_m,11212
35,1_1_2_12_25_5_m,11212
36,1_1_2_15_25_1_m,11215
37,1_1_2_15_25_2_m,11215
38,1_1_2_15_25_3_m,11215
39,1_1_2_15_25_4_m,11215
40,1_1_2_21_25_1_m,11221
41,1_1_2_21_25_2_m,11221
42,1_1_2_21_25_3_m,11221
43,1_1_2_21_25_5_m,11221
44,1_1_2_3_30_1_m,1123
45,1_1_2_3_30_2_m,1123
46,1_1_2_3_30_3_m,1123
47,1_1_2_3_30_5_m,1123
48,1_1_2_5_25_1_m,1125
49,1_1_2_5_25_3_m,1125
50,1_1_2_5_25_4_m,1125
51,1_1_2_5_25_5_m,1125
52,1_1_2_9_25_1_m,1129
53,1_1_2_9_25_2_m,1129
54,1_1_2_9_25_3_m,1129
55,1_1_2_9_25_5_m,1129
56,1_2_1_10_25_2_m,12110
57,1_2_1_10_25_3_m,12110
58,1_2_1_10_25_4_m,12110
59,1_2_1_10_25_5_m,12110
60,1_2_1_11_25_1_m,12111
61,1_2_1_11_25_2_m,12111
62,1_2_1_11_25_3_m,12111
63,1_2_1_11_25_5_m,12111
64,1_2_1_12_25_1_m,12112
65,1_2_1_12_25_2_m,12112
66,1_2_1_12_25_3_m,12112
67,1_2_1_12_25_5_m,12112
68,1_2_1_13_30_2_m,12113
69,1_2_1_13_30_3_m,12113
70,1_2_1_13_30_4_m,12113
71,1_2_1_13_30_5_m,12113
72,1_2_1_15_25_1_m,12115
73,1_2_1_15_25_2_m,12115
74,1_2_1_15_25_3_m,12115
75,1_2_1_15_25_5_m,12115
76,1_2_1_18_30_1_m,12118
77,1_2_1_18_30_3_m,12118
78,1_2_1_18_30_4_m,12118
79,1_2_1_18_30_5_m,12118
80,1_2_1_4_25_1_m,1214
81,1_2_1_4_25_2_m,1214
82,1_2_1_4_25_4_m,1214
83,1_2_1_4_25_5_m,1214
84,1_2_1_7_30_1_m,1217
85,1_2_1_7_30_2_m,1217
86,1_2_1_7_30_3_m,1217
87,1_2_1_7_30_5_m,1217
88,1_2_1_8_25_1_m,1218
89,1_2_1_8_25_2_m,1218
90,1_2_1_8_25_3_m,1218
91,1_2_1_8_25_4_m,1218
92,1_2_1_9_25_2_m,1219
93,1_2_1_9_25_3_m,1219
94,1_2_1_9_25_4_m,1219
95,1_2_1_9_25_5_m,1219
96,1_2_2_10_24_1_m,12210
97,1_2_2_10_24_3_m,12210
98,1_2_2_10_24_4_m,12210
99,1_2_2_10_24_5_m,12210
100,1_2_2_12_25_1_m,12212
101,1_2_2_12_25_2_m,12212
102,1_2_2_12_25_3_m,12212
103,1_2_2_12_25_4_m,12212
104,1_2_2_13_30_1_m,12213
105,1_2_2_13_30_3_m,12213
106,1_2_2_13_30_4_m,12213
107,1_2_2_13_30_5_m,12213
108,1_2_2_14_25_1_m,12214
109,1_2_2_14_25_2_m,12214
110,1_2_2_14_25_3_m,12214
111,1_2_2_14_25_5_m,12214
112,1_2_2_16_30_1_m,12216
113,1_2_2_16_30_2_m,12216
114,1_2_2_16_30_3_m,12216
115,1_2_2_16_30_5_m,12216
116,1_2_2_17_25_1_m,12217
117,1_2_2_17_25_3_m,12217
118,1_2_2_17_25_4_m,12217
119,1_2_2_17_25_5_m,12217
120,1_2_2_2_25_1_m,1222
121,1_2_2_2_25_3_m,1222
122,1_2_2_2_25_4_m,1222
123,1_2_2_2_25_5_m,1222
124,1_2_2_9_30_1_m,1229
125,1_2_2_9_30_2_m,1229
126,1_2_2_9_30_3_m,1229
127,1_2_2_9_30_4_m,1229
128,2_1_1_11_25_1_m,21111
129,2_1_1_11_25_2_m,21111
130,2_1_1_11_25_4_m,21111
131,2_1_1_11_25_5_m,21111
132,2_1_1_1_30_1_m,2111
133,2_1_1_1_30_2_m,2111
134,2_1_1_1_30_3_m,2111
135,2_1_1_1_30_4_m,2111
136,2_1_1_2_30_1_m,2112
137,2_1_1_2_30_3_m,2112
138,2_1_1_2_30_4_m,2112
139,2_1_1_2_30_5_m,2112
140,2_1_1_3_24_2_m,2113
141,2_1_1_3_24_3_m,2113
142,2_1_1_3_24_4_m,2113
143,2_1_1_3_24_5_m,2113
144,2_1_1_4_24_2_m,2114
145,2_1_1_4_24_3_m,2114
146,2_1_1_4_24_4_m,2114
147,2_1_1_4_24_5_m,2114
148,2_1_1_6_24_1_m,2116
149,2_1_1_6_24_2_m,2116
150,2_1_1_6_24_3_m,2116
151,2_1_1_6_24_4_m,2116
152,2_1_1_7_24_1_m,2117
153,2_1_1_7_24_3_m,2117
154,2_1_1_7_24_4_m,2117
155,2_1_1_7_24_5_m,2117
156,2_1_2_10_30_1_m,21210
157,2_1_2_10_30_3_m,21210
158,2_1_2_10_30_4_m,21210
159,2_1_2_10_30_5_m,21210
160,2_1_2_12_25_1_m,21212
161,2_1_2_12_25_3_m,21212
162,2_1_2_12_25_4_m,21212
163,2_1_2_12_25_5_m,21212
164,2_1_2_13_30_1_m,21213
165,2_1_2_13_30_2_m,21213
166,2_1_2_13_30_3_m,21213
167,2_1_2_13_30_4_m,21213
168,2_1_2_15_25_1_m,21215
169,2_1_2_15_25_2_m,21215
170,2_1_2_15_25_4_m,21215
171,2_1_2_15_25_5_m,21215
172,2_1_2_1_30_1_m,2121
173,2_1_2_1_30_3_m,2121
174,2_1_2_1_30_4_m,2121
175,2_1_2_1_30_5_m,2121
176,2_1_2_8_30_2_m,2128
177,2_1_2_8_30_3_m,2128
178,2_1_2_8_30_4_m,2128
179,2_1_2_8_30_5_m,2128
180,2_2_1_11_25_1_m,22111
181,2_2_1_11_25_3_m,22111
182,2_2_1_11_25_4_m,22111
183,2_2_1_11_25_5_m,22111
184,2_2_1_16_30_1_m,22116
185,2_2_1_16_30_2_m,22116
186,2_2_1_16_30_3_m,22116
187,2_2_1_16_30_5_m,22116
188,2_2_1_2_25_2_m,2212
189,2_2_1_2_25_3_m,2212
190,2_2_1_2_25_4_m,2212
191,2_2_1_2_25_5_m,2212
192,2_2_1_4_30_2_m,2214
193,2_2_1_4_30_3_m,2214
194,2_2_1_4_30_4_m,2214
195,2_2_1_4_30_5_m,2214
196,2_2_1_5_30_1_m,2215
197,2_2_1_5_30_2_m,2215
198,2_2_1_5_30_3_m,2215
199,2_2_1_5_30_5_m,2215
200,2_2_1_7_30_1_m,2217
201,2_2_1_7_30_2_m,2217
202,2_2_1_7_30_3_m,2217
203,2_2_1_7_30_4_m,2217
204,2_2_1_9_30_1_m,2219
205,2_2_1_9_30_3_m,2219
206,2_2_1_9_30_4_m,2219
207,2_2_1_9_30_5_m,2219
208,2_2_2_12_25_1_m,22212
209,2_2_2_12_25_2_m,22212
210,2_2_2_12_25_3_m,22212
211,2_2_2_12_25_5_m,22212
212,2_2_2_14_30_2_m,22214
213,2_2_2_14_30_3_m,22214
214,2_2_2_14_30_4_m,22214
215,2_2_2_14_30_5_m,22214
216,2_2_2_17_30_2_m,22217
217,2_2_2_17_30_3_m,22217
218,2_2_2_17_30_4_m,22217
219,2_2_2_17_30_5_m,22217
220,2_2_2_18_30_1_m,22218
221,2_2_2_18_30_2_m,22218
222,2_2_2_18_30_3_m,22218
223,2_2_2_18_30_4_m,22218
224,2_2_2_1_24_1_m,2221
225,2_2_2_1_24_2_m,2221
226,2_2_2_1_24_4_m,2221
227,2_2_2_1_24_5_m,2221
228,2_2_2_21_30_1_m,22221
229,2_2_2_21_30_3_m,22221
230,2_2_2_21_30_4_m,22221
231,2_2_2_21_30_5_m,22221
232,2_2_2_26_30_1_m,22226
233,2_2_2_26_30_2_m,22226
234,2_2_2_26_30_3_m,22226
235,2_2_2_26_30_4_m,22226
236,2_2_2_2_24_1_m,2222
237,2_2_2_2_24_2_m,2222
238,2_2_2_2_24_4_m,2222
239,2_2_2_2_24_5_m,2222
240,2_2_2_3_24_1_m,2223
241,2_2_2_3_24_2_m,2223
242,2_2_2_3_24_4_m,2223
243,2_2_2_3_24_5_m,2223
244,2_2_2_4_30_1_m,2224
245,2_2_2_4_30_2_m,2224
246,2_2_2_4_30_3_m,2224
247,2_2_2_4_30_4_m,2224
248,2_2_2_5_30_1_m,2225
249,2_2_2_5_30_2_m,2225
250,2_2_2_5_30_3_m,2225
251,2_2_2_5_30_4_m,2225
252,2_2_2_7_30_1_m,2227
253,2_2_2_7_30_2_m,2227
254,2_2_2_7_30_3_m,2227
255,2_2_2_7_30_5_m,2227
256,3_1_1_13_25_1_m,31113
257,3_1_1_13_25_2_m,31113
258,3_1_1_13_25_3_m,31113
259,3_1_1_13_25_4_m,31113
260,3_1_1_20_25_1_m,31120
261,3_1_1_20_25_2_m,31120
262,3_1_1_20_25_3_m,31120
263,3_1_1_20_25_4_m,31120
264,3_1_1_21_30_2_m,31121
265,3_1_1_21_30_3_m,31121
266,3_1_1_21_30_4_m,31121
267,3_1_1_21_30_5_m,31121
268,3_1_1_23_25_2_m,31123
269,3_1_1_23_25_3_m,31123
270,3_1_1_23_25_4_m,31123
271,3_1_1_23_25_5_m,31123
272,3_1_1_24_25_2_m,31124
273,3_1_1_24_25_3_m,31124
274,3_1_1_24_25_4_m,31124
275,3_1_1_24_25_5_m,31124
276,3_1_1_27_25_1_m,31127
277,3_1_1_27_25_2_m,31127
278,3_1_1_27_25_4_m,31127
279,3_1_1_27_25_5_m,31127
280,3_1_1_4_25_1_m,3114
281,3_1_1_4_25_2_m,3114
282,3_1_1_4_25_4_m,3114
283,3_1_1_4_25_5_m,3114
284,3_1_1_6_25_1_m,3116
285,3_1_1_6_25_2_m,3116
286,3_1_1_6_25_3_m,3116
287,3_1_1_6_25_4_m,3116
288,3_1_2_13_25_1_m,31213
289,3_1_2_13_25_3_m,31213
290,3_1_2_13_25_4_m,31213
291,3_1_2_13_25_5_m,31213
292,3_1_2_16_27_2_m,31216
293,3_1_2_16_27_3_m,31216
294,3_1_2_16_27_4_m,31216
295,3_1_2_16_27_5_m,31216
296,3_1_2_18_30_2_m,31218
297,3_1_2_18_30_3_m,31218
298,3_1_2_18_30_4_m,31218
299,3_1_2_18_30_5_m,31218
300,3_1_2_21_30_2_m,31221
301,3_1_2_21_30_3_m,31221
302,3_1_2_21_30_4_m,31221
303,3_1_2_21_30_5_m,31221
304,3_1_2_3_30_1_m,3123
305,3_1_2_3_30_2_m,3123
306,3_1_2_3_30_3_m,3123
307,3_1_2_3_30_5_m,3123
308,3_1_2_8_30_1_m,3128
309,3_1_2_8_30_2_m,3128
310,3_1_2_8_30_3_m,3128
311,3_1_2_8_30_4_m,3128
312,3_2_1_10_25_1_m,32110
313,3_2_1_10_25_2_m,32110
314,3_2_1_10_25_3_m,32110
315,3_2_1_10_25_5_m,32110
316,3_2_1_11_30_1_m,32111
317,3_2_1_11_30_2_m,32111
318,3_2_1_11_30_3_m,32111
319,3_2_1_11_30_4_m,32111
320,3_2_1_13_25_1_m,32113
321,3_2_1_13_25_3_m,32113
322,3_2_1_13_25_4_m,32113
323,3_2_1_13_25_5_m,32113
324,3_2_1_17_25_1_m,32117
325,3_2_1_17_25_2_m,32117
326,3_2_1_17_25_4_m,32117
327,3_2_1_17_25_5_m,32117
328,3_2_1_18_30_1_m,32118
329,3_2_1_18_30_2_m,32118
330,3_2_1_18_30_3_m,32118
331,3_2_1_18_30_4_m,32118
332,3_2_1_19_25_1_m,32119
333,3_2_1_19_25_2_m,32119
334,3_2_1_19_25_3_m,32119
335,3_2_1_19_25_5_m,32119
336,3_2_1_1_24_1_m,3211
337,3_2_1_1_24_2_m,3211
338,3_2_1_1_24_3_m,3211
339,3_2_1_1_24_5_m,3211
340,3_2_1_3_25_1_m,3213
341,3_2_1_3_25_2_m,3213
342,3_2_1_3_25_3_m,3213
343,3_2_1_3_25_4_m,3213
344,3_2_1_4_25_1_m,3214
345,3_2_1_4_25_2_m,3214
346,3_2_1_4_25_3_m,3214
347,3_2_1_4_25_4_m,3214
348,3_2_2_11_30_1_m,32211
349,3_2_2_11_30_2_m,32211
350,3_2_2_11_30_3_m,32211
351,3_2_2_11_30_4_m,32211
352,3_2_2_12_30_1_m,32212
353,3_2_2_12_30_2_m,32212
354,3_2_2_12_30_4_m,32212
355,3_2_2_12_30_5_m,32212
356,3_2_2_14_30_1_m,32214
357,3_2_2_14_30_3_m,32214
358,3_2_2_14_30_4_m,32214
359,3_2_2_14_30_5_m,32214
360,3_2_2_19_25_1_m,32219
361,3_2_2_19_25_2_m,32219
362,3_2_2_19_25_3_m,32219
363,3_2_2_19_25_4_m,32219
364,3_2_2_1_25_1_m,3221
365,3_2_2_1_25_2_m,3221
366,3_2_2_1_25_4_m,3221
367,3_2_2_1_25_5_m,3221
368,3_2_2_2_25_1_m,3222
369,3_2_2_2_25_2_m,3222
370,3_2_2_2_25_3_m,3222
371,3_2_2_2_25_4_m,3222
372,3_2_2_3_30_1_m,3223
373,3_2_2_3_30_2_m,3223
374,3_2_2_3_30_3_m,3223
375,3_2_2_3_30_5_m,3223
376,3_2_2_4_30_1_m,3224
377,3_2_2_4_30_3_m,3224
378,3_2_2_4_30_4_m,3224
379,3_2_2_4_30_5_m,3224
380,3_2_2_8_24_1_m,3228
381,3_2_2_8_24_3_m,3228
382,3_2_2_8_24_4_m,3228
383,3_2_2_8_24_5_m,3228
384,4_1_1_11_30_1_m,41111
385,4_1_1_11_30_2_m,41111
386,4_1_1_11_30_3_m,41111
387,4_1_1_11_30_5_m,41111
388,4_1_1_12_25_1_m,41112
389,4_1_1_12_25_2_m,41112
390,4_1_1_12_25_4_m,41112
391,4_1_1_12_25_5_m,41112
392,4_1_1_2_30_1_m,4112
393,4_1_1_2_30_2_m,4112
394,4_1_1_2_30_3_m,4112
395,4_1_1_2_30_5_m,4112
396,4_1_1_4_30_1_m,4114
397,4_1_1_4_30_3_m,4114
398,4_1_1_4_30_4_m,4114
399,4_1_1_4_30_5_m,4114
400,4_1_1_6_30_1_m,4116
401,4_1_1_6_30_2_m,4116
402,4_1_1_6_30_4_m,4116
403,4_1_1_6_30_5_m,4116
404,4_1_1_7_24_1_m,4117
405,4_1_1_7_24_2_m,4117
406,4_1_1_7_24_4_m,4117
407,4_1_1_7_24_5_m,4117
408,4_1_1_9_24_1_m,4119
409,4_1_1_9_24_3_m,4119
410,4_1_1_9_24_4_m,4119
411,4_1_1_9_24_5_m,4119
412,4_1_2_11_30_2_m,41211
413,4_1_2_11_30_3_m,41211
414,4_1_2_11_30_4_m,41211
415,4_1_2_11_30_5_m,41211
416,4_1_2_18_25_1_m,41218
417,4_1_2_18_25_2_m,41218
418,4_1_2_18_25_3_m,41218
419,4_1_2_18_25_5_m,41218
420,4_1_2_1_25_1_m,4121
421,4_1_2_1_25_2_m,4121
422,4_1_2_1_25_3_m,4121
423,4_1_2_1_25_4_m,4121
424,4_1_2_20_25_1_m,41220
425,4_1_2_20_25_3_m,41220
426,4_1_2_20_25_4_m,41220
427,4_1_2_20_25_5_m,41220
428,4_1_2_22_25_1_m,41222
429,4_1_2_22_25_2_m,41222
430,4_1_2_22_25_4_m,41222
431,4_1_2_22_25_5_m,41222
432,4_1_2_25_30_1_m,41225
433,4_1_2_25_30_3_m,41225
434,4_1_2_25_30_4_m,41225
435,4_1_2_25_30_5_m,41225
436,4_1_2_2_30_1_m,4122
437,4_1_2_2_30_3_m,4122
438,4_1_2_2_30_4_m,4122
439,4_1_2_2_30_5_m,4122
440,4_1_2_4_30_1_m,4124
441,4_1_2_4_30_3_m,4124
442,4_1_2_4_30_4_m,4124
443,4_1_2_4_30_5_m,4124
444,4_1_2_7_30_1_m,4127
445,4_1_2_7_30_2_m,4127
446,4_1_2_7_30_4_m,4127
447,4_1_2_7_30_5_m,4127
448,4_1_2_8_25_2_m,4128
449,4_1_2_8_25_3_m,4128
450,4_1_2_8_25_4_m,4128
451,4_1_2_8_25_5_m,4128
452,4_1_2_9_25_1_m,4129
453,4_1_2_9_25_2_m,4129
454,4_1_2_9_25_3_m,4129
455,4_1_2_9_25_4_m,4129
456,4_2_1_13_30_1_m,42113
457,4_2_1_13_30_2_m,42113
458,4_2_1_13_30_4_m,42113
459,4_2_1_13_30_5_m,42113
460,4_2_1_14_24_1_m,42114
461,4_2_1_14_24_2_m,42114
462,4_2_1_14_24_4_m,42114
463,4_2_1_14_24_5_m,42114
464,4_2_1_2_25_2_m,4212
465,4_2_1_2_25_3_m,4212
466,4_2_1_2_25_4_m,4212
467,4_2_1_2_25_5_m,4212
468,4_2_1_4_30_1_m,4214
469,4_2_1_4_30_2_m,4214
470,4_2_1_4_30_3_m,4214
471,4_2_1_4_30_4_m,4214
472,4_2_1_7_30_1_m,4217
473,4_2_1_7_30_3_m,4217
474,4_2_1_7_30_4_m,4217
475,4_2_1_7_30_5_m,4217
476,4_2_1_9_30_1_m,4219
477,4_2_1_9_30_2_m,4219
478,4_2_1_9_30_3_m,4219
479,4_2_1_9_30_4_m,4219
480,4_2_2_10_30_1_m,42210
481,4_2_2_10_30_2_m,42210
482,4_2_2_10_30_4_m,42210
483,4_2_2_10_30_5_m,42210
484,4_2_2_11_25_1_m,42211
485,4_2_2_11_25_2_m,42211
486,4_2_2_11_25_3_m,42211
487,4_2_2_11_25_5_m,42211
488,4_2_2_1_30_1_m,4221
489,4_2_2_1_30_2_m,4221
490,4_2_2_1_30_3_m,4221
491,4_2_2_1_30_4_m,4221
492,4_2_2_2_30_1_m,4222
493,4_2_2_2_30_2_m,4222
494,4_2_2_2_30_3_m,4222
495,4_2_2_2_30_5_m,4222
496,4_2_2_3_30_1_m,4223
497,4_2_2_3_30_2_m,4223
498,4_2_2_3_30_3_m,4223
499,4_2_2_3_30_4_m,4223
500,4_2_2_5_24_1_m,4225
501,4_2_2_5_24_3_m,4225
502,4_2_2_5_24_4_m,4225
503,4_2_2_5_24_5_m,4225
504,4_2_2_6_30_1_m,4226
505,4_2_2_6_30_2_m,4226
506,4_2_2_6_30_4_m,4226
507,4_2_2_6_30_5_m,4226
508,4_2_2_7_30_1_m,4227
509,4_2_2_7_30_3_m,4227
510,4_2_2_7_30_4_m,4227
511,4_2_2_7_30_5_m,4227
512,5_1_1_33_25_1_m,51133
513,5_1_1_33_25_2_m,51133
514,5_1_1_33_25_4_m,51133
515,5_1_1_33_25_5_m,51133
516,5_1_1_51_25_1_m,51151
517,5_1_1_51_25_2_m,51151
518,5_1_1_51_25_4_m,51151
519,5_1_1_51_25_5_m,51151
520,5_1_1_55_25_1_m,51155
521,5_1_1_55_25_2_m,51155
522,5_1_1_55_25_3_m,51155
523,5_1_1_55_25_4_m,51155
524,5_1_1_78_30_2_m,51178
525,5_1_1_78_30_3_m,51178
526,5_1_1_78_30_4_m,51178
527,5_1_1_78_30_5_m,51178
528,5_1_1_91_30_1_m,51191
529,5_1_1_91_30_3_m,51191
530,5_1_1_91_30_4_m,51191
531,5_1_1_91_30_5_m,51191
532,5_1_1_95_30_1_m,51195
533,5_1_1_95_30_2_m,51195
534,5_1_1_95_30_3_m,51195
535,5_1_1_95_30_5_m,51195
536,5_1_2_25_31_1_m,51225
537,5_1_2_25_31_3_m,51225
538,5_1_2_25_31_4_m,51225
539,5_1_2_25_31_5_m,51225
540,5_1_2_26_30_2_m,51226
541,5_1_2_26_30_3_m,51226
542,5_1_2_26_30_4_m,51226
543,5_1_2_26_30_5_m,51226
544,5_1_2_31_25_1_m,51231
545,5_1_2_31_25_2_m,51231
546,5_1_2_31_25_3_m,51231
547,5_1_2_31_25_5_m,51231
548,5_1_2_32_25_1_m,51232
549,5_1_2_32_25_3_m,51232
550,5_1_2_32_25_4_m,51232
551,5_1_2_32_25_5_m,51232
552,5_1_2_36_25_2_m,51236
553,5_1_2_36_25_3_m,51236
554,5_1_2_36_25_4_m,51236
555,5_1_2_36_25_5_m,51236
556,5_1_2_41_25_2_m,51241
557,5_1_2_41_25_3_m,51241
558,5_1_2_41_25_4_m,51241
559,5_1_2_41_25_5_m,51241
560,5_1_2_46_25_1_m,51246
561,5_1_2_46_25_3_m,51246
562,5_1_2_46_25_4_m,51246
563,5_1_2_46_25_5_m,51246
564,5_1_2_47_25_2_m,51247
565,5_1_2_47_25_3_m,51247
566,5_1_2_47_25_4_m,51247
567,5_1_2_47_25_5_m,51247
568,5_1_2_50_25_1_m,51250
569,5_1_2_50_25_2_m,51250
570,5_1_2_50_25_3_m,51250
571,5_1_2_50_25_5_m,51250
572,5_1_2_53_25_1_m,51253
573,5_1_2_53_25_2_m,51253
574,5_1_2_53_25_4_m,51253
575,5_1_2_53_25_5_m,51253
576,5_1_2_74_30_1_m,51274
577,5_1_2_74_30_3_m,51274
578,5_1_2_74_30_4_m,51274
579,5_1_2_74_30_5_m,51274
580,5_1_2_82_30_2_m,51282
581,5_1_2_82_30_3_m,51282
582,5_1_2_82_30_4_m,51282
583,5_1_2_82_30_5_m,51282
584,5_1_2_87_30_1_m,51287
585,5_1_2_87_30_2_m,51287
586,5_1_2_87_30_3_m,51287
587,5_1_2_87_30_4_m,51287
588,5_1_2_88_30_1_m,51288
589,5_1_2_88_30_2_m,51288
590,5_1_2_88_30_4_m,51288
591,5_1_2_88_30_5_m,51288
592,5_1_2_90_30_1_m,51290
593,5_1_2_90_30_3_m,51290
594,5_1_2_90_30_4_m,51290
595,5_1_2_90_30_5_m,51290
596,5_1_2_92_30_1_m,51292
597,5_1_2_92_30_2_m,51292
598,5_1_2_92_30_4_m,51292
599,5_1_2_92_30_5_m,51292
600,5_1_2_96_30_2_m,51296
601,5_1_2_96_30_3_m,51296
602,5_1_2_96_30_4_m,51296
603,5_1_2_96_30_5_m,51296
604,5_2_1_12_25_1_m,52112
605,5_2_1_12_25_2_m,52112
606,5_2_1_12_25_4_m,52112
607,5_2_1_12_25_5_m,52112
608,5_2_1_1_30_2_m,5211
609,5_2_1_1_30_3_m,5211
610,5_2_1_1_30_4_m,5211
611,5_2_1_1_30_5_m,5211
612,5_2_1_35_25_1_m,52135
613,5_2_1_35_25_2_m,52135
614,5_2_1_35_25_4_m,52135
615,5_2_1_35_25_5_m,52135
616,5_2_1_3_30_1_m,5213
617,5_2_1_3_30_2_m,5213
618,5_2_1_3_30_3_m,5213
619,5_2_1_3_30_5_m,5213
620,5_2_1_52_25_1_m,52152
621,5_2_1_52_25_2_m,52152
622,5_2_1_52_25_3_m,52152
623,5_2_1_52_25_4_m,52152
624,5_2_2_30_25_1_m,52230
625,5_2_2_30_25_3_m,52230
626,5_2_2_30_25_4_m,52230
627,5_2_2_30_25_5_m,52230
628,5_2_2_49_25_1_m,52249
629,5_2_2_49_25_2_m,52249
630,5_2_2_49_25_4_m,52249
631,5_2_2_49_25_5_m,52249
632,5_2_2_54_25_1_m,52254
633,5_2_2_54_25_2_m,52254
634,5_2_2_54_25_4_m,52254
635,5_2_2_54_25_5_m,52254
636,5_2_2_70_30_1_m,52270
637,5_2_2_70_30_2_m,52270
638,5_2_2_70_30_3_m,52270
639,5_2_2_70_30_4_m,52270
640,6_1_1_18_24_1_m,61118
641,6_1_1_18_24_2_m,61118
642,6_1_1_18_24_3_m,61118
643,6_1_1_18_24_5_m,61118
644,6_1_1_29_24_1_m,61129
645,6_1_1_29_24_3_m,61129
646,6_1_1_29_24_4_m,61129
647,6_1_1_29_24_5_m,61129
648,6_1_2_11_30_2_m,61211
649,6_1_2_11_30_3_m,61211
650,6_1_2_11_30_4_m,61211
651,6_1_2_11_30_5_m,61211
652,6_1_2_13_30_1_m,61213
653,6_1_2_13_30_2_m,61213
654,6_1_2_13_30_4_m,61213
655,6_1_2_13_30_5_m,61213
656,6_1_2_14_30_2_m,61214
657,6_1_2_14_30_3_m,61214
658,6_1_2_14_30_4_m,61214
659,6_1_2_14_30_5_m,61214
660,6_1_2_15_30_1_m,61215
661,6_1_2_15_30_2_m,61215
662,6_1_2_15_30_3_m,61215
663,6_1_2_15_30_4_m,61215
664,6_1_2_1_30_1_m,6121
665,6_1_2_1_30_3_m,6121
666,6_1_2_1_30_4_m,6121
667,6_1_2_1_30_5_m,6121
668,6_1_2_21_25_1_m,61221
669,6_1_2_21_25_2_m,61221
670,6_1_2_21_25_3_m,61221
671,6_1_2_21_25_4_m,61221
672,6_1_2_23_30_1_m,61223
673,6_1_2_23_30_2_m,61223
674,6_1_2_23_30_3_m,61223
675,6_1_2_23_30_4_m,61223
676,6_1_2_25_25_1_m,61225
677,6_1_2_25_25_2_m,61225
678,6_1_2_25_25_3_m,61225
679,6_1_2_25_25_4_m,61225
680,6_1_2_26_24_1_m,61226
681,6_1_2_26_24_2_m,61226
682,6_1_2_26_24_4_m,61226
683,6_1_2_26_24_5_m,61226
684,6_1_2_27_25_2_m,61227
685,6_1_2_27_25_3_m,61227
686,6_1_2_27_25_4_m,61227
687,6_1_2_27_25_5_m,61227
688,6_1_2_28_30_2_m,61228
689,6_1_2_28_30_3_m,61228
690,6_1_2_28_30_4_m,61228
691,6_1_2_28_30_5_m,61228
692,6_1_2_2_30_2_m,6122
693,6_1_2_2_30_3_m,6122
694,6_1_2_2_30_4_m,6122
695,6_1_2_2_30_5_m,6122
696,6_1_2_30_30_1_m,61230
697,6_1_2_30_30_3_m,61230
698,6_1_2_30_30_4_m,61230
699,6_1_2_30_30_5_m,61230
700,6_1_2_9_25_1_m,6129
701,6_1_2_9_25_2_m,6129
702,6_1_2_9_25_3_m,6129
703,6_1_2_9_25_4_m,6129
704,6_2_1_1_25_2_m,6211
705,6_2_1_1_25_3_m,6211
706,6_2_1_1_25_4_m,6211
707,6_2_1_1_25_5_m,6211
708,6_2_1_21_30_2_m,62121
709,6_2_1_21_30_3_m,62121
710,6_2_1_21_30_4_m,62121
711,6_2_1_21_30_5_m,62121
712,6_2_1_24_30_1_m,62124
713,6_2_1_24_30_3_m,62124
714,6_2_1_24_30_4_m,62124
715,6_2_1_24_30_5_m,62124
716,6_2_1_2_25_1_m,6212
717,6_2_1_2_25_3_m,6212
718,6_2_1_2_25_4_m,6212
719,6_2_1_2_25_5_m,6212
720,6_2_2_13_25_1_m,62213
721,6_2_2_13_25_2_m,62213
722,6_2_2_13_25_4_m,62213
723,6_2_2_13_25_5_m,62213
724,6_2_2_18_30_1_m,62218
725,6_2_2_18_30_2_m,62218
726,6_2_2_18_30_3_m,62218
727,6_2_2_18_30_5_m,62218
728,6_2_2_19_25_2_m,62219
729,6_2_2_19_25_3_m,62219
730,6_2_2_19_25_4_m,62219
731,6_2_2_19_25_5_m,62219
732,6_2_2_23_30_1_m,62223
733,6_2_2_23_30_2_m,62223
734,6_2_2_23_30_3_m,62223
735,6_2_2_23_30_5_m,62223
736,6_2_2_25_30_1_m,62225
737,6_2_2_25_30_2_m,62225
738,6_2_2_25_30_3_m,62225
739,6_2_2_25_30_5_m,62225
740,6_2_2_26_30_1_m,62226
741,6_2_2_26_30_3_m,62226
742,6_2_2_26_30_4_m,62226
743,6_2_2_26_30_5_m,62226
744,6_2_2_30_30_1_m,62230
745,6_2_2_30_30_2_m,62230
746,6_2_2_30_30_4_m,62230
747,6_2_2_30_30_5_m,62230
748,6_2_2_31_30_1_m,62231
749,6_2_2_31_30_2_m,62231
750,6_2_2_31_30_3_m,62231
751,6_2_2_31_30_4_m,62231
752,6_2_2_32_30_1_m,62232
753,6_2_2_32_30_2_m,62232
754,6_2_2_32_30_4_m,62232
755,6_2_2_32_30_5_m,62232
756,6_2_2_33_25_2_m,62233
757,6_2_2_33_25_3_m,62233
758,6_2_2_33_25_4_m,62233
759,6_2_2_33_25_5_m,62233
760,6_2_2_5_25_1_m,6225
761,6_2_2_5_25_3_m,6225
762,6_2_2_5_25_4_m,6225
763,6_2_2_5_25_5_m,6225
764,6_2_2_6_25_2_m,6226
765,6_2_2_6_25_3_m,6226
766,6_2_2_6_25_4_m,6226
767,6_2_2_6_25_5_m,6226
768,7_1_1_10_30_1_m,71110
769,7_1_1_10_30_3_m,71110
770,7_1_1_10_30_4_m,71110
771,7_1_1_10_30_5_m,71110
772,7_1_1_11_30_1_m,71111
773,7_1_1_11_30_2_m,71111
774,7_1_1_11_30_4_m,71111
775,7_1_1_11_30_5_m,71111
776,7_1_1_12_30_1_m,71112
777,7_1_1_12_30_2_m,71112
778,7_1_1_12_30_4_m,71112
779,7_1_1_12_30_5_m,71112
780,7_1_1_13_30_1_m,71113
781,7_1_1_13_30_3_m,71113
782,7_1_1_13_30_4_m,71113
783,7_1_1_13_30_5_m,71113
784,7_1_1_14_30_1_m,71114
785,7_1_1_14_30_2_m,71114
786,7_1_1_14_30_3_m,71114
787,7_1_1_14_30_4_m,71114
788,7_1_1_15_30_1_m,71115
789,7_1_1_15_30_2_m,71115
790,7_1_1_15_30_3_m,71115
791,7_1_1_15_30_4_m,71115
792,7_1_1_17_30_1_m,71117
793,7_1_1_17_30_2_m,71117
794,7_1_1_17_30_4_m,71117
795,7_1_1_17_30_5_m,71117
796,7_1_1_3_25_1_m,7113
797,7_1_1_3_25_2_m,7113
798,7_1_1_3_25_3_m,7113
799,7_1_1_3_25_5_m,7113
800,7_1_1_9_25_1_m,7119
801,7_1_1_9_25_2_m,7119
802,7_1_1_9_25_4_m,7119
803,7_1_1_9_25_5_m,7119
804,7_1_2_10_30_1_m,71210
805,7_1_2_10_30_2_m,71210
806,7_1_2_10_30_3_m,71210
807,7_1_2_10_30_4_m,71210
808,7_1_2_13_30_1_m,71213
809,7_1_2_13_30_2_m,71213
810,7_1_2_13_30_3_m,71213
811,7_1_2_13_30_4_m,71213
812,7_1_2_17_25_1_m,71217
813,7_1_2_17_25_3_m,71217
814,7_1_2_17_25_4_m,71217
815,7_1_2_17_25_5_m,71217
816,7_1_2_5_30_1_m,7125
817,7_1_2_5_30_3_m,7125
818,7_1_2_5_30_4_m,7125
819,7_1_2_5_30_5_m,7125
820,7_1_2_6_30_1_m,7126
821,7_1_2_6_30_3_m,7126
822,7_1_2_6_30_4_m,7126
823,7_1_2_6_30_5_m,7126
824,7_1_2_7_30_1_m,7127
825,7_1_2_7_30_2_m,7127
826,7_1_2_7_30_4_m,7127
827,7_1_2_7_30_5_m,7127
828,7_1_2_8_30_1_m,7128
829,7_1_2_8_30_2_m,7128
830,7_1_2_8_30_3_m,7128
831,7_1_2_8_30_4_m,7128
832,7_1_2_9_30_2_m,7129
833,7_1_2_9_30_3_m,7129
834,7_1_2_9_30_4_m,7129
835,7_1_2_9_30_5_m,7129
836,7_2_1_12_24_2_m,72112
837,7_2_1_12_24_3_m,72112
838,7_2_1_12_24_4_m,72112
839,7_2_1_12_24_5_m,72112
840,7_2_1_13_30_1_m,72113
841,7_2_1_13_30_3_m,72113
842,7_2_1_13_30_4_m,72113
843,7_2_1_13_30_5_m,72113
844,7_2_1_17_30_1_m,72117
845,7_2_1_17_30_3_m,72117
846,7_2_1_17_30_4_m,72117
847,7_2_1_17_30_5_m,72117
848,7_2_1_1_25_1_m,7211
849,7_2_1_1_25_2_m,7211
850,7_2_1_1_25_3_m,7211
851,7_2_1_1_25_5_m,7211
852,7_2_1_2_30_1_m,7212
853,7_2_1_2_30_2_m,7212
854,7_2_1_2_30_3_m,7212
855,7_2_1_2_30_4_m,7212
856,7_2_1_3_30_1_m,7213
857,7_2_1_3_30_3_m,7213
858,7_2_1_3_30_4_m,7213
859,7_2_1_3_30_5_m,7213
860,7_2_2_10_24_1_m,72210
861,7_2_2_10_24_3_m,72210
862,7_2_2_10_24_4_m,72210
863,7_2_2_10_24_5_m,72210
864,7_2_2_11_30_2_m,72211
865,7_2_2_11_30_3_m,72211
866,7_2_2_11_30_4_m,72211
867,7_2_2_11_30_5_m,72211
868,7_2_2_12_30_2_m,72212
869,7_2_2_12_30_3_m,72212
870,7_2_2_12_30_4_m,72212
871,7_2_2_12_30_5_m,72212
872,7_2_2_13_30_1_m,72213
873,7_2_2_13_30_3_m,72213
874,7_2_2_13_30_4_m,72213
875,7_2_2_13_30_5_m,72213
876,7_2_2_14_30_2_m,72214
877,7_2_2_14_30_3_m,72214
878,7_2_2_14_30_4_m,72214
879,7_2_2_14_30_5_m,72214
880,7_2_2_18_30_1_m,72218
881,7_2_2_18_30_2_m,72218
882,7_2_2_18_30_4_m,72218
883,7_2_2_18_30_5_m,72218
884,7_2_2_5_30_1_m,7225
885,7_2_2_5_30_2_m,7225
886,7_2_2_5_30_4_m,7225
887,7_2_2_5_30_5_m,7225
888,7_2_2_7_30_1_m,7227
889,7_2_2_7_30_2_m,7227
890,7_2_2_7_30_4_m,7227
891,7_2_2_7_30_5_m,7227
892,7_2_2_8_30_1_m,7228
893,7_2_2_8_30_2_m,7228
894,7_2_2_8_30_3_m,7228
895,7_2_2_8_30_5_m,7228
896,8_1_1_1_25_1_m,8111
897,8_1_1_1_25_3_m,8111
898,8_1_1_1_25_4_m,8111
899,8_1_1_1_25_5_m,8111
900,8_1_1_2_25_1_m,8112
901,8_1_1_2_25_2_m,8112
902,8_1_1_2_25_3_m,8112
903,8_1_1_2_25_5_m,8112
904,8_1_1_3_25_1_m,8113
905,8_1_1_3_25_3_m,8113
906,8_1_1_3_25_4_m,8113
907,8_1_1_3_25_5_m,8113
908,8_1_1_4_25_1_m,8114
909,8_1_1_4_25_3_m,8114
910,8_1_1_4_25_4_m,8114
911,8_1_1_4_25_5_m,8114
912,8_1_1_5_25_2_m,8115
913,8_1_1_5_25_3_m,8115
914,8_1_1_5_25_4_m,8115
915,8_1_1_5_25_5_m,8115
916,8_1_1_6_25_2_m,8116
917,8_1_1_6_25_3_m,8116
918,8_1_1_6_25_4_m,8116
919,8_1_1_6_25_5_m,8116
920,8_1_1_7_30_1_m,8117
921,8_1_1_7_30_2_m,8117
922,8_1_1_7_30_3_m,8117
923,8_1_1_7_30_5_m,8117
924,8_1_1_8_30_1_m,8118
925,8_1_1_8_30_2_m,8118
926,8_1_1_8_30_4_m,8118
927,8_1_1_8_30_5_m,8118
928,8_1_2_1_25_1_m,8121
929,8_1_2_1_25_2_m,8121
930,8_1_2_1_25_3_m,8121
931,8_1_2_1_25_5_m,8121
932,8_1_2_2_30_1_m,8122
933,8_1_2_2_30_2_m,8122
934,8_1_2_2_30_3_m,8122
935,8_1_2_2_30_5_m,8122
936,8_1_2_3_25_1_m,8123
937,8_1_2_3_25_2_m,8123
938,8_1_2_3_25_4_m,8123
939,8_1_2_3_25_5_m,8123
940,8_1_2_4_25_2_m,8124
941,8_1_2_4_25_3_m,8124
942,8_1_2_4_25_4_m,8124
943,8_1_2_4_25_5_m,8124
944,8_1_2_5_25_1_m,8125
945,8_1_2_5_25_3_m,8125
946,8_1_2_5_25_4_m,8125
947,8_1_2_5_25_5_m,8125
948,8_1_2_6_30_1_m,8126
949,8_1_2_6_30_2_m,8126
950,8_1_2_6_30_4_m,8126
951,8_1_2_6_30_5_m,8126
952,8_1_2_7_30_1_m,8127
953,8_1_2_7_30_2_m,8127
954,8_1_2_7_30_3_m,8127
955,8_1_2_7_30_4_m,8127
956,8_1_2_8_30_2_m,8128
957,8_1_2_8_30_3_m,8128
958,8_1_2_8_30_4_m,8128
959,8_1_2_8_30_5_m,8128
960,8_1_2_9_30_1_m,8129
961,8_1_2_9_30_2_m,8129
962,8_1_2_9_30_4_m,8129
963,8_1_2_9_30_5_m,8129
964,8_2_1_1_25_1_m,8211
965,8_2_1_1_25_2_m,8211
966,8_2_1_1_25_4_m,8211
967,8_2_1_1_25_5_m,8211
968,8_2_1_2_25_2_m,8212
969,8_2_1_2_25_3_m,8212
970,8_2_1_2_25_4_m,8212
971,8_2_1_2_25_5_m,8212
972,8_2_1_3_25_2_m,8213
973,8_2_1_3_25_3_m,8213
974,8_2_1_3_25_4_m,8213
975,8_2_1_3_25_5_m,8213
976,8_2_1_4_30_2_m,8214
977,8_2_1_4_30_3_m,8214
978,8_2_1_4_30_4_m,8214
979,8_2_1_4_30_5_m,8214
980,8_2_1_5_25_1_m,8215
981,8_2_1_5_25_3_m,8215
982,8_2_1_5_25_4_m,8215
983,8_2_1_5_25_5_m,8215
984,8_2_1_6_25_1_m,8216
985,8_2_1_6_25_2_m,8216
986,8_2_1_6_25_4_m,8216
987,8_2_1_6_25_5_m,8216
988,8_2_1_7_25_1_m,8217
989,8_2_1_7_25_2_m,8217
990,8_2_1_7_25_4_m,8217
991,8_2_1_7_25_5_m,8217
992,8_2_1_8_25_1_m,8218
993,8_2_1_8_25_2_m,8218
994,8_2_1_8_25_3_m,8218
995,8_2_1_8_25_4_m,8218
996,8_2_2_1_25_1_m,8221
997,8_2_2_1_25_2_m,8221
998,8_2_2_1_25_3_m,8221
999,8_2_2_1_25_5_m,8221
1000,8_2_2_2_50_1_m,8222
1001,8_2_2_2_50_2_m,8222
1002,8_2_2_2_50_4_m,8222
1003,8_2_2_2_50_5_m,8222
1004,8_2_2_3_25_1_m,8223
1005,8_2_2_3_25_2_m,8223
1006,8_2_2_3_25_3_m,8223
1007,8_2_2_3_25_4_m,8223
1008,8_2_2_4_25_1_m,8224
1009,8_2_2_4_25_2_m,8224
1010,8_2_2_4_25_3_m,8224
1011,8_2_2_4_25_5_m,8224
1012,8_2_2_5_25_1_m,8225
1013,8_2_2_5_25_2_m,8225
1014,8_2_2_5_25_3_m,8225
1015,8_2_2_5_25_4_m,8225
1016,8_2_2_6_25_2_m,8226
1017,8_2_2_6_25_3_m,8226
1018,8_2_2_6_25_4_m,8226
1019,8_2_2_6_25_5_m,8226
1020,8_2_2_7_25_1_m,8227
1021,8_2_2_7_25_3_m,8227
1022,8_2_2_7_25_4_m,8227
1023,8_2_2_7_25_5_m,8227
